{
  "project_info": {
    "project_number": "1017452006911",
    "firebase_url": "https://uiapp-97703.firebaseio.com",
    "project_id": "uiapp-97703",
    "storage_bucket": "uiapp-97703.appspot.com"
  },
  "client": [
    {
      "client_info": {
        "mobilesdk_app_id": "1:1017452006911:android:ecfc616be31551e7",
        "android_client_info": {
          "package_name": "com.example.lenovo.uiapp"
        }
      },
      "oauth_client": [
        {
          "client_id": "1017452006911-ujl9m3gtqj4ifb7sriqdhe7vppdl5mme.apps.googleusercontent.com",
          "client_type": 1,
          "android_info": {
            "package_name": "com.example.lenovo.uiapp",
            "certificate_hash": "1eca1fde25bc6fe91d5cb3ba57ccfd3dec206098"
          }
        },
        {
          "client_id": "1017452006911-6knrg9thf9j1qshs9nu4f23uk4k1n7mf.apps.googleusercontent.com",
          "client_type": 3
        }
      ],
      "api_key": [
        {
          "current_key": "AIzaSyALPBq8sMl_qut8IdHGcKT3k-YmDczYYbQ"
        }
      ],
      "services": {
        "analytics_service": {
          "status": 1
        },
        "appinvite_service": {
          "status": 2,
          "other_platform_oauth_client": [
            {
              "client_id": "1017452006911-6knrg9thf9j1qshs9nu4f23uk4k1n7mf.apps.googleusercontent.com",
              "client_type": 3
            }
          ]
        },
        "ads_service": {
          "status": 2
        }
      }
    }
  ],
  "configuration_version": "1"
}